Date,kpi,ppi,unemployment,oil_price_nok,usd_nok,import_val,eksport_val,styringsrente,eur_nok,boligpris_idx,toll_rate_avg
2005-04-01,82.1,54.545454545454554,4.6,323.08294200000006,6.3238,28611995157.2,56905308737.200005,1.75,8.1763,1.504,23.183061437001076
2005-05-01,82.4,53.03030303030304,4.6,320.806374,6.3238,29385117896.4,53395702434.2,1.75,8.0773,1.7433333333333334,23.183061437001076
2005-06-01,82.4,56.19834710743802,4.6,359.85271,6.4745,29243633130,51000594726,1.75,7.8932,1.9826666666666666,23.183061437001076
2005-07-01,82.2,58.81542699724519,4.7,387.104274,6.5202,33560154021,57933815696.4,2,7.92,2.222,23.183061437001076
2005-08-01,82.3,61.84573002754821,4.6,430.978812,6.4306,29614211981.2,59261162147,2,7.9165,2.4476666666666667,23.183061437001076
2005-09-01,82.9,60.88154269972452,4.5,401.974404,6.3323,28878365497.8,58320242372.6,2,7.8087,2.6733333333333333,23.183061437001076
2005-10-01,83,59.504132231404974,4.5,367.90663,6.3323,31420774778.5,62022703081.7,2,7.8347,2.899,23.183061437001076
2005-11-01,83,57.988980716253444,4.4,356.78455499999995,6.4811,29919453737.6,53820182111.399994,2.23,7.8295,3.0476666666666667,23.183061437001076
2005-12-01,82.9,58.95316804407713,4.3,400.332648,6.7876,32039840872.4,62649982406.4,2.25,7.9737,3.1963333333333335,23.183061437001076
2006-01-01,82.7,62.12121212121213,4.2,447.913724,6.7876,32630555728.7,69921686305,2.25,8.0366,3.345,23.170394736842034
2006-02-01,83.4,61.84573002754821,4.2,411.58716799999996,6.6643,31289275029.399998,62296890083.6,2.25,8.0593,3.365666666666667,23.170394736842034
2006-03-01,83.6,62.53443526170799,3.9,442.69110599999993,6.7166,32566570205.399998,65572923229,2.37,7.9775,3.3863333333333334,23.170394736842034
2006-04-01,84.3,65.70247933884299,3.9,486.95349999999996,6.7166,33392495899.999996,68887508125,2.5,7.8414,3.407,23.170394736842034
2006-05-01,84.3,63.498622589531685,3.8,472.915806,6.7166,33818680460.6,63880221992.99999,2.5,7.7968,3.864,23.170394736842034
2006-06-01,84.2,63.498622589531685,3.8,449.249014,6.1114,34324916444.6,66387954858,2.75,7.8604,4.321,23.170394736842034
2006-07-01,83.9,66.66666666666667,3.4,459.27171000000004,6.1114,33370241133.6,67664994192,2.75,7.9386,4.778,23.170394736842034
2006-08-01,83.9,67.07988980716254,3.6,433.56192500000003,6.1717,34707585623.9,66848891984.00001,2.87,7.992,4.495666666666667,23.170394736842034
2006-09-01,85.1,63.774104683195596,3.3,395.198496,6.3252,33433021087.199997,61693945110,3,8.2572,4.213333333333333,23.170394736842034
2006-10-01,85.2,62.947658402203864,2.8,373.376556,6.3252,36192885831.1,63131495944,3,8.396,3.931,23.170394736842034
2006-11-01,85.1,61.98347107438017,3.1,418.114116,6.5066,38464169309.2,65285597750,3.24,8.2446,3.780666666666667,23.170394736842034
2006-12-01,84.7,61.84573002754821,3,375.092352,6.1632,36877605811.2,63259392960,3.38,8.1575,3.630333333333333,23.170394736842034
2007-01-01,83.7,59.228650137741056,3,353.76768,6.1632,38467363776,62991984550,3.56,8.278,3.48,23.172598684210644
2007-02-01,84,60.05509641873279,2.8,386.243112,6.2408,36540146113.6,61753558508,3.75,8.0876,3.099666666666667,23.168829139944055
2007-03-01,84.5,61.15702479338844,2.8,417.56195999999994,6.1316,37786763713.2,62995322608,3.88,8.134,2.719333333333333,23.168829139944055
2007-04-01,84.5,62.25895316804409,2.7,414.80274000000003,6.1316,41214127594.5,67163973471,4,8.1192,2.339,23.168829139944055
2007-05-01,84.6,62.53443526170799,2.6,417.194064,6.1316,38763642880.8,63852313360,4.01,8.14,1.988,23.168829139944055
2007-06-01,84.5,63.774104683195596,2.5,431.087888,6.0368,38753569624,67379441360.00001,4.27,8.059,1.637,23.168829139944055
2007-07-01,84.3,64.04958677685951,2.9,465.13544,6.0368,40265296766.4,64319018850.00001,4.5,7.938,1.286,23.168829139944055
2007-08-01,84.2,62.25895316804409,2.7,425.243769,5.8501,38495992189.9,65770100256,4.63,7.9735,0.9513333333333334,23.053092277486897
2007-09-01,84.8,63.774104683195596,2.4,463.152417,5.8501,39508111693.6,71756649728,4.78,7.8306,0.6166666666666667,23.049378373957
2007-10-01,85,65.01377410468321,2.8,489.547008,5.4016,42853863680,66417209344,5,7.6963,0.282,23.049378373957
2007-11-01,86.4,69.42148760330579,2.6,479.11941,5.4285,38655355084.5,69094979415,5,7.9519,0.14100000000000001,23.049378373957
2007-12-01,87.1,69.55922865013775,2.6,509.46472499999993,5.4285,38632894815.6,75783396633,5.14,8.013,3.415786172430065e-17,23.049378373957
2008-01-01,86.7,71.34986225895317,2.8,500.56198499999994,5.4285,41180144950,74393241720,5.25,7.9566,-0.141,23.029985313316004
2008-02-01,87.2,72.31404958677686,2.6,539.62909,5.3909,44546101052.700005,78244924234,5.25,7.948,-0.235,23.029985313316004
2008-03-01,87.2,72.58953168044077,2.6,540.70727,5.3909,40505352365.1,81484604844,5.25,7.9629,-0.329,23.029985313316004
2008-04-01,87.2,75.48209366391184,2.6,574.0051199999999,5.1545,40255701726.5,80911835940,5.31,7.9629,-0.423,23.029985313316004
2008-05-01,87.2,78.92561983471074,2.7,658.6420099999999,5.1545,41252249948.100006,87417442556,5.5,7.866,-0.8949999999999999,23.029985313316004
2008-06-01,87.4,82.64462809917356,3,720.753735,5.1545,42759767106.700005,85262182741,5.54,7.9915,-1.367,23.029985313316004
2008-07-01,87.9,84.57300275482093,3,629.062122,5.0739,41757902713.799995,82563820014,5.75,8.0487,-1.839,23.029985313316004
2008-08-01,88,83.4710743801653,2.8,585.55551,5.1342,38901319980,82163886150.00002,5.75,7.9723,-2.763,23.029985313316004
2008-09-01,89.3,83.05785123966942,3.2,534.692722,5.4466,42722787264.200005,73446039350,5.75,8.1566,-3.687,23.029985313316004
2008-10-01,89.6,81.95592286501378,3.2,383.173652,5.8661,36098020122.6,69565375968,5.45,8.5928,-4.611,23.029985313316004
2008-11-01,89.1,77.8236914600551,3.1,313.777689,5.8661,38763492660.5,74585834685,4.75,8.8094,-2.52,23.029985313316004
2008-12-01,89,73.69146005509643,3.5,321.514357,7.0523,47406089522.5,68739064296.59999,4.14,9.4039,-0.4290000000000002,23.029985313316004
2009-01-01,88.7,74.10468319559229,3.2,323.559524,7.0523,38672848882.9,66494498222.299995,3,9.2164,1.662,22.938593927585817
2009-02-01,89.4,72.45179063360882,3.3,326.874105,7.0523,36453796988.1,67499464160.700005,2.58,8.7838,2.247333333333333,22.938593927585817
2009-03-01,89.4,72.31404958677686,3.2,347.18472899999995,7.0523,34864086519.6,65720232754.8,2.41,8.8388,2.832666666666667,22.938593927585817
2009-04-01,89.7,71.900826446281,3.5,340.75115999999997,6.7077,36662302720.8,57548121872.4,2,8.787,3.418,22.938593927585817
2009-05-01,89.9,76.5840220385675,3.5,439.488504,6.7077,36020043647.1,58418358508.2,1.58,8.792,3.428,22.89769854132895
2009-06-01,90.4,83.33333333333334,3.5,464.84360999999996,6.7077,34354419529.8,57826866894,1.39,8.945,3.438,22.89769854132895
2009-07-01,89.9,78.51239669421489,3.3,456.77202,6.3706,34298558669.199997,62505696142.2,1.25,8.9494,3.448,22.89769854132895
2009-08-01,89.7,82.50688705234161,3.6,443.71229,6.3706,38136056140,60893006550.6,1.25,8.6602,3.132,22.89769854132895
2009-09-01,90.4,77.54820936639119,3.4,415.55965499999996,6.0165,36585030919.5,60679952235,1.25,8.5964,2.816,22.894015556635743
2009-10-01,90.2,78.65013774104685,3.4,436.82928000000004,5.8089,37270262551.8,61270534530.00001,1.27,8.3596,2.5,22.894015556635743
2009-11-01,90.5,81.40495867768595,3.9,455.824383,5.8089,39496166196.3,62101110623,1.5,8.4143,2.0733333333333333,22.894015556635743
2009-12-01,90.8,81.12947658402204,3.6,438.42638700000003,5.6259,31596708414.6,56837173743,1.61,8.4107,1.6466666666666667,22.894015556635743
2010-01-01,90.9,84.29752066115704,3.8,402.02681399999994,5.6259,34262942117.7,63898216079,1.75,8.1817,1.22,22.82673436750369
2010-02-01,92,86.08815426997246,3.9,457.105967,5.8913,35642582978.1,67459626736,1.75,8.0971,1.3486666666666667,22.82673436750369
2010-03-01,92.5,88.01652892561984,4.4,492.65217,5.9571,39259016559,65186877311.99999,1.75,8.0368,1.4773333333333334,22.82673436750369
2010-04-01,92.7,91.18457300275483,3.8,520.888824,5.9571,39183451499.4,63411312354,1.75,7.9278,1.606,22.82673436750369
2010-05-01,92.2,90.77134986225897,4,444.697515,5.9571,37288228465.5,59277621825,1.96,7.8972,1.466,22.82673436750369
2010-06-01,92.1,92.69972451790633,4.3,490.107839,6.5339,41311373351.9,69354408245,2,7.9062,1.326,22.82673436750369
2010-07-01,91.6,92.83746556473831,3.7,510.18704400000007,6.5258,39592642025.200005,66620782814,2,8.0201,1.186,22.82673436750369
2010-08-01,91.4,93.1129476584022,3.8,487.085712,6.5258,37624817263.6,59598827277.5,2,7.9325,1.5719999999999998,22.82673436750369
2010-09-01,92,92.83746556473831,4,510.741781,6.2051,42680359382.1,68077393120,2,7.9156,1.9579999999999997,22.82673436750369
2010-10-01,92.1,92.83746556473831,3.8,487.051125,5.8575,40058774745,65104706700,2,8.111,2.344,22.82673436750369
2010-11-01,92.3,96.14325068870524,3.6,502.554672,5.8491,39715663907.7,67499198910,2,8.1463,2.538,22.82673436750369
2010-12-01,93.3,100.55096418732784,4.3,582.2956,6.1456,40132611680,74534205536,2,7.906,2.732,22.82673436750369
2011-01-01,92.7,103.03030303030303,3.2,620.767056,6.1456,44225529911.2,75716165756,2,7.8199,2.926,22.812085850556453
2011-02-01,93.1,104.26997245179064,3.3,640.6475399999999,5.7303,41758770468.6,73123498755,2,7.8206,2.198,22.812085850556453
2011-03-01,93.4,106.8870523415978,3.6,654.6692879999999,5.5783,49412436364.2,72343801257,2,7.8295,1.4700000000000002,22.812085850556453
2011-04-01,93.9,109.366391184573,3.6,694.887622,5.5198,41262033984.6,84346407860,2,7.8069,0.742,22.812085850556453
2011-05-01,93.7,107.02479338842976,3.5,644.3262540000001,5.5198,42064886033.799995,69335875203,2.14,7.8336,1.19,22.812085850556453
2011-06-01,93.4,106.06060606060608,3.7,603.5451840000001,5.3658,37954385330.4,68519978208,2.25,7.832,1.638,22.812085850556453
2011-07-01,93.1,107.71349862258954,3.4,627.699306,5.3769,40611080472,76813102944,2.25,7.7829,2.086,22.812085850556453
2011-08-01,92.6,105.09641873278237,3.8,612.9659350000001,5.3371,40264235213.600006,73046592747,2.25,7.7882,2.0316666666666667,22.812085850556453
2011-09-01,93.4,106.8870523415978,3.5,552.828248,5.3798,38972847481.4,74644725000,2.25,7.7243,1.9773333333333334,22.72991763028682
2011-10-01,93.3,107.02479338842976,3.8,589.410888,5.3798,45045039089.9,72264866684,2.25,7.7474,1.923,22.72991763028682
2011-11-01,93.3,108.53994490358127,3.6,629.201412,5.6931,41404043270.1,76265678496,2.25,7.7868,1.793,22.72991763028682
2011-12-01,93.4,108.67768595041325,3.6,619.432268,5.7686,40965309098,76875997818,1.99,7.7451,1.663,22.72991763028682
2012-01-01,93.2,111.15702479338844,3.8,640.1992280000001,5.7686,42210103814.9,80802690304,1.75,7.6752,1.533,21.465863867842355
2012-02-01,94.2,112.25895316804409,3.6,712.59327,5.8095,43314133149,86511472110,1.75,7.5522,1.409,21.465863867842355
2012-03-01,94.1,113.91184573002755,2.7,685.154304,5.5758,38257565512.2,80479535976,1.61,7.5315,1.285,21.465863867842355
2012-04-01,94.2,112.12121212121214,3.4,666.1408260000001,5.5758,42029437937.9,79552651699,1.5,7.5698,1.161,21.465863867842355
2012-05-01,94.2,109.64187327823691,3.5,565.553394,5.5758,41382668646,81033458220,1.5,7.5663,1.5010000000000001,21.465863867842355
2012-06-01,93.7,105.92286501377413,3.3,601.678148,6.1471,44487570824.4,78067493819,1.5,7.5401,1.841,21.436575291490907
2012-07-01,93.3,107.16253443526172,3.4,638.31486400000006,6.1471,43686538419.6,74770188784,1.5,7.4579,2.181,21.435777006076822
2012-08-01,92.9,109.64187327823691,3.4,684.8702499999999,6.005,42269182990,77927365400,1.5,7.3239,2.0156666666666667,21.435777006076822
2012-09-01,93.9,108.40220385674932,3.3,670.0378999999999,6.005,43959096558.3,72164568553,1.5,7.3945,1.8503333333333334,21.435777006076822
2012-10-01,94.3,108.81542699724518,3.8,616.275776,5.7296,44280531777.6,75582247584,1.5,7.4076,1.685,21.435777006076822
2012-11-01,94.4,108.53994490358127,3.6,626.275125,5.6805,41132932218,71979717285,1.5,7.3371,1.4916666666666667,21.435777006076822
2012-12-01,94.7,108.40220385674932,3.8,624.230145,5.6805,41549444240,74575105600,1.5,7.3489,1.2983333333333333,21.434978918650746
2013-01-01,94.5,108.53994490358127,3.7,650.6444700000001,5.6805,44801843934.4,72133363344,1.5,7.3821,1.105,21.42428306780273
2013-02-01,95.1,109.09090909090911,4,601.1043960000001,5.4438,41312878436.4,74795198976,1.5,7.4232,0.9553333333333334,21.42428306780273
2013-03-01,95.4,110.05509641873279,3.8,633.5061619999999,5.7581,41619212830.2,78034692496,1.5,7.4851,0.8056666666666666,21.42428306780273
2013-04-01,95.9,110.3305785123967,4,589.456697,5.7581,42331605888,66870139951.99999,1.5,7.5444,0.656,21.42428306780273
2013-05-01,96,107.85123966942149,4,578.055659,5.7581,42343403917.8,74713483191,1.5,7.5628,0.3286666666666667,21.42428306780273
2013-06-01,95.7,107.71349862258954,3.9,588.247496,5.7581,42923620799.399994,81006965622,1.5,7.7394,0.0013333333333334079,21.42428306780273
2013-07-01,96.1,110.3305785123967,3.6,652.5004500000001,6.0585,44709409594.5,82244743350,1.5,7.8837,-0.326,21.42428306780273
2013-08-01,96,111.43250688705236,4.3,674.8365910000001,5.9191,45089194101.6,77025958592,1.5,7.9386,-0.32633333333333336,21.42428306780273
2013-09-01,96.4,111.98347107438018,3.9,641.4528670000001,5.9191,47576855474,74285848430,1.5,7.9725,-0.32666666666666666,21.42428306780273
2013-10-01,96.6,111.2947658402204,3.6,652.93116,5.999,44386678987,74100187910,1.5,8.1208,-0.327,21.42428306780273
2013-11-01,96.7,111.98347107438018,4,653.511082,5.9578,43575772203.799995,82137150122,1.5,8.2055,-0.10866666666666669,21.42428306780273
2013-12-01,96.6,113.7741046831956,4.4,660.12424,5.9578,45946769721.6,78439144432,1.5,8.4048,0.10966666666666665,21.42428306780273
2014-01-01,96.6,114.18732782369148,4,633.90992,5.9578,43624113823.5,84333405303,1.5,8.3927,0.328,21.42397860041808
2014-02-01,97.1,113.36088154269972,3.2,649.817246,5.9578,47481483198,82512550590,1.5,8.3562,0.7996666666666666,21.42362842739487
2014-03-01,97.3,110.19283746556474,3.8,642.012528,5.9578,43781030056.200005,76021383930,1.5,8.2906,1.2713333333333334,21.42362842739487
2014-04-01,97.7,109.64187327823691,3.6,644.734813,5.9659,46733716570.700005,78109917907,1.5,8.2484,1.743,21.42362842739487
2014-05-01,97.8,108.67768595041325,3.4,648.3740120000001,5.9659,45300002946.2,75876985468,1.5,8.1533,1.733,21.42362842739487
2014-06-01,97.5,109.09090909090911,3.5,668.598413,5.9659,45152003268.9,69633979650,1.5,8.2207,1.723,21.42362842739487
2014-07-01,98.3,108.53994490358127,4.1,656.704185,6.1645,53250769527.5,71534892285,1.5,8.388,1.713,21.42362842739487
2014-08-01,97.9,107.71349862258954,3.6,653.7613769999999,6.3001,51235846754.5,74808017410,1.5,8.2522,1.8086666666666666,21.422049170251714
2014-09-01,98.5,107.71349862258954,4.1,590.297696,6.1928,46187029489.6,73413910016,1.5,8.1798,1.9043333333333334,21.422049170251714
2014-10-01,98.6,107.57575757575756,4,557.790936,6.4604,46038612851.6,76938324888,1.5,8.3136,2,21.422049170251714
2014-11-01,98.6,104.54545454545456,4,455.975032,6.4604,46692321631,71904378470,1.5,8.4912,1.8493333333333333,21.422049170251714
2014-12-01,98.6,104.82093663911847,3.9,404.96114900000003,6.9569,44053817904.8,67715500960.6,1.36,8.9714,1.6986666666666668,21.42125983284191
2015-01-01,98.6,100,4.3,375.32475500000004,6.9569,47633982296.8,65218398775.6,1.25,8.932,1.548,21.429002297738634
2015-02-01,98.9,102.20385674931131,4.7,439.328235,6.9569,49711630014,72920491326,1.25,8.6188,1.4386666666666668,21.429002297738634
2015-03-01,99.2,103.4435261707989,4.5,391.047349,6.9569,49876804792.2,69371848425,1.25,8.6434,1.3293333333333333,21.429002297738634
2015-04-01,99.6,103.4435261707989,4.5,545.002745,8.0801,68100036251.799995,68665796773.7,1.25,8.4988,1.22,21.429002297738634
2015-05-01,99.8,103.4435261707989,4.4,534.417814,8.0801,47575186575.7,72115529682.3,1.25,8.4102,1.1813333333333333,21.429002297738634
2015-06-01,100.1,103.71900826446281,4.8,510.26577,7.9555,51918372639,74582955699,1.16,8.755,1.1426666666666667,21.428224909311044
2015-07-01,100.1,101.37741046831957,5.2,416.29945,7.877,44704976137,69544237044,1,8.9357,1.104,21.428224909311044
2015-08-01,99.9,96.96969696969698,4.2,433.15623,7.877,50546693909.4,73049756519.8,1,9.1815,0.9346666666666668,21.428224909311044
2015-09-01,100.6,96.83195592286502,4.8,408.42954,8.3268,50007080354.4,72059319500.40001,0.95,9.3075,0.7653333333333334,21.428224909311044
2015-10-01,101,97.38292011019286,5,426.573459,8.4789,51485695284.6,70725921896.7,0.75,9.2892,0.596,21.428224909311044
2015-11-01,101.3,97.79614325068871,4.5,383.585436,8.4789,51629994223.5,63732875887.2,0.75,9.2572,0.9236666666666666,21.428224909311044
2015-12-01,100.9,93.38842975206612,5.2,327.00196900000003,8.6807,50333710802.9,61928261371.9,0.75,9.4626,1.2513333333333332,21.428224909311044
2016-01-01,101.5,89.25619834710744,4.9,312.41839300000004,8.6807,49183897520.99999,59724993572.99999,0.75,9.5899,1.579,21.45735619864263
2016-02-01,102.1,86.9146005509642,5.6,316.37438399999996,8.6512,52469372278.399994,60027536414.399994,0.75,9.5628,1.7653333333333332,21.45735619864263
2016-03-01,102.5,88.01652892561984,4.8,348.95532499999996,8.6525,51626101677.5,60805019777.5,0.66,9.4246,1.9516666666666667,21.45735619864263
2016-04-01,102.9,88.70523415977964,5,391.162512,8.2576,48447991550.4,60152858792,0.5,9.3224,2.138,21.45735619864263
2016-05-01,103.2,91.04683195592287,5.1,411.97166400000003,8.2576,48581919745.200005,60445032452.00001,0.5,9.3099,2.5669999999999997,21.454842819718742
2016-06-01,103.8,93.66391184573003,4.7,414.09921299999996,8.3303,50801026692.899994,62955409219.99999,0.5,9.3278,2.996,21.454842819718742
2016-07-01,104.5,94.0771349862259,4.9,363.466794,8.3498,60764817820.4,63644655490.6,0.5,9.369,3.425,21.454842819718742
2016-08-01,103.9,92.42424242424242,5.1,396.722223,8.4607,63665210731.2,62438459995.399994,0.5,9.303,3.1726666666666667,21.454842819718742
2016-09-01,104.2,90.90909090909092,4.7,419.001177,8.3483,51631680920.2,61577954068.1,0.5,9.1971,2.9203333333333332,21.454842819718742
2016-10-01,104.7,92.97520661157026,4.9,405.810863,8.3483,50802015960.9,65137246537.49999,0.5,9.0009,2.668,21.45407429455866
2016-11-01,104.9,95.3168044077135,4.8,424.1859840000001,8.1826,51550707304.00001,64008486691.200005,0.5,9.0807,2.2863333333333333,21.45407429455866
2016-12-01,104.4,100.27548209366392,4.2,484.87066,8.434,50057611743.99999,67715970317.999985,0.5,9.0252,1.9046666666666667,21.45407429455866
2017-01-01,104.3,100.55096418732784,4.1,468.76171999999997,8.434,57127403579.99999,75599503280,0.5,8.999,1.523,21.527490950226426
2017-02-01,104.7,103.30578512396696,4.5,465.224226,8.2326,51580441481.4,72495641689.8,0.5,8.8603,0.7506666666666666,21.526407327829723
2017-03-01,105,102.20385674931131,4.8,450.36930199999995,8.4134,49032706261.99999,67980255173.2,0.5,9.0919,-0.021666666666666785,21.526407327829723
2017-04-01,105.2,100,4.6,437.9174699999999,8.4134,50619964479.7,75044981645.9,0.5,9.2049,-0.794,21.526407327829723
2017-05-01,105.4,99.17355371900827,4.7,427.06418399999995,8.4134,56873633502.00001,70989969659,0.5,9.405,-0.8260000000000001,21.526407327829723
2017-06-01,105.8,96.69421487603307,4.5,412.516168,8.4584,63362593363.99999,71801708211.99998,0.5,9.4997,-0.858,21.526407327829723
2017-07-01,106.1,95.73002754820938,4.1,445.92684799999995,8.4584,54296381238,70325464672.00002,0.5,9.3988,-0.89,21.526407327829723
2017-08-01,105.3,96.14325068870524,4.2,417.720864,7.9024,54943767208,70630655497.6,0.5,9.3201,-0.29400000000000004,21.526407327829723
2017-09-01,105.9,98.89807162534436,4.2,440.957313,7.7647,57567322741.3,71410625901,0.5,9.3275,0.30199999999999994,21.526407327829723
2017-10-01,106,101.37741046831957,4,473.180818,7.7647,52954639035.4,69966979518,0.5,9.3976,0.898,21.526407327829723
2017-11-01,106.1,104.54545454545456,4.1,510.2841880000001,8.1476,77242669992,73125679564.40001,0.5,9.6082,0.5096666666666667,21.526407327829723
2017-12-01,106.1,107.57575757575756,4.5,552.0499599999999,8.309,57148238447.99999,75948248320,0.5,9.8412,0.12133333333333338,21.526407327829723
2018-01-01,106,110.88154269972452,4,572.4070099999999,8.309,59161553535,82815280350,0.5,9.6464,-0.267,21.522724402345133
2018-02-01,107,108.1267217630854,4,497.22996800000004,7.6816,53450016940.8,77060658960,0.5,9.6712,0.4463333333333333,21.522724402345133
2018-03-01,107.3,108.67768595041325,4.2,550.344646,7.9369,66847873550.399994,81609904346,0.5,9.5801,1.1596666666666666,21.522724402345133
2018-04-01,107.7,112.25895316804409,4.2,592.807061,7.9369,61844677403.100006,78958882704,0.5,9.6202,1.873,21.522724402345133
2018-05-01,107.8,113.63636363636364,3.6,615.585964,7.9369,59498393771,82012867110,0.5,9.5674,1.3653333333333333,21.522724402345133
2018-06-01,108.5,116.11570247933885,4.2,647.2219470000001,8.1689,58440245248.8,86087054071,0.5,9.4746,0.8576666666666667,21.522724402345133
2018-07-01,109.3,117.35537190082646,4.1,606.214069,8.1689,59257494940.799995,87419094360,0.5,9.4975,0.35,21.522724402345133
2018-08-01,108.9,117.90633608815426,3.9,633.146436,8.1549,54796377565.799995,87458692932,0.5,9.6161,0.3496666666666666,21.522724402345133
2018-09-01,109.5,119.69696969696972,4.4,674.6548769999999,8.1549,60655818990,91836851418,0.58,9.6205,0.34933333333333333,21.522724402345133
2018-10-01,109.3,124.10468319559229,4,610.7730720000001,8.1393,58348810357.5,87788129403,0.75,9.4793,0.349,21.522724402345133
2018-11-01,109.8,120.24793388429754,3.9,496.58613599999995,8.3516,59320838539.6,79684628335.59999,0.75,9.6272,0.4066666666666667,21.522724402345133
2018-12-01,109.8,115.97796143250689,3.7,451.153432,8.3516,56976034699.6,76886470950.2,0.75,9.7946,0.4643333333333333,21.522724402345133
2019-01-01,109.3,116.39118457300277,4,508.111344,8.3516,64228102811.99999,82283778924,0.75,9.7631,0.522,21.52709137853654
2019-02-01,110.2,116.80440771349862,4.3,558.9004659999999,8.4286,65104487120.99999,78060366324.79999,0.75,9.7444,0.55,21.52709137853654
2019-03-01,110.4,114.46280991735537,3.6,577.4711,8.545,62476152260,78150399570,0.82,9.7181,0.578,21.52709137853654
2019-04-01,110.8,115.28925619834712,3.2,618.116268,8.5778,66493064083.6,81108357191.4,1,9.6247,0.606,21.52709137853654
2019-05-01,110.5,114.0495867768595,3.5,531.737822,8.5778,62988469129.8,77717560422.6,1,9.7793,0.6906666666666667,21.52709137853654
2019-06-01,110.6,108.53994490358127,3.8,555.3267719999999,8.5778,62331940070.399994,74052349951.99998,1.08,9.7447,0.7753333333333333,21.52709137853654
2019-07-01,111.4,107.16253443526172,3.9,555.11068,8.5336,61726071812.799995,68803259368,1.25,9.6587,0.86,21.52709137853654
2019-08-01,110.6,106.8870523415978,4.2,526.738425,8.8901,61256878446,68495642371,1.25,9.9742,0.8006666666666666,21.52709137853654
2019-09-01,111.1,106.8870523415978,3.6,526.738425,8.8901,66092721609.00001,72535724373.90001,1.33,9.9203,0.7413333333333334,21.52709137853654
2019-10-01,111.3,107.02479338842976,4.3,544.1338539999999,9.1267,60380896448.399994,69359050279.2,1.5,10.1165,0.682,21.52709137853654
2019-11-01,111.6,108.81542699724518,4,551.941005,9.1245,60517954265.99999,81783477468,1.5,10.1087,0.3983333333333334,21.527481198787907
2019-12-01,111.3,113.36088154269972,4.1,595.738605,9.1245,64482807039,81413502732,1.5,10.0498,0.1146666666666667,21.527481198787907
2020-01-01,111.3,111.84573002754823,4.1,516.62919,9.1245,64093195917.700005,71910762363.59999,1.5,9.9384,-0.169,21.516112412177634
2020-02-01,111.2,108.1267217630854,3.6,453.213915,9.1245,65279528998,75387282723.80002,1.5,10.1327,0.283,21.516112412177634
2020-03-01,111.2,100,3.5,240.430575,9.1245,57808658588,55356276155.6,0.99,11.2943,0.735,21.516112412177634
2020-04-01,111.7,96.69421487603307,4.1,272.84992,10.304,58214189376,54038287296,0.25,11.3429,1.187,21.516112412177634
2020-05-01,111.9,94.0771349862259,4.9,389.90336,10.304,60580069060.8,56945358905.600006,0.05,10.9906,1.825,21.516112412177634
2020-06-01,112.1,92.83746556473831,5,425.24608000000006,10.304,63482022812.5,60508493125,0,10.727,2.463,21.516112412177634
2020-07-01,112.9,92.83746556473831,5.9,418.63193600000005,9.6193,66183092632.00001,63206102048.700005,0,10.6544,3.101,21.516112412177634
2020-08-01,112.5,94.0771349862259,5.2,439.217238,9.6193,69037253718.79999,63837110146.299995,0,10.5797,3.2056666666666667,21.516112412177634
2020-09-01,112.9,96.55647382920111,5.2,368.33147999999994,8.7076,61179937196.399994,62440788968.799995,0,10.7769,3.3103333333333333,21.516112412177634
2020-10-01,113.2,100.55096418732784,5.5,352.12872799999997,9.2812,63953175938,66743355250.4,0,10.922,3.415,21.516112412177634
2020-11-01,112.4,105.09641873278237,5.2,444.38385600000004,9.2812,71776169536.40001,69666795498.70001,0,10.7453,3.2986666666666666,21.516112412177634
2020-12-01,112.9,106.74931129476586,4.8,459.08892599999996,8.8593,65026748160.6,72801040830.29999,0,10.605,3.1823333333333332,21.516112412177634
2021-01-01,114.1,112.53443526170801,5.1,487.61587199999997,8.8593,63203237871.600006,82933245645,0,10.3661,3.066,21.515098629220933
2021-02-01,114.9,118.59504132231405,5.4,553.838066,8.5973,64613102720.3,84176972446.20001,0,10.2791,2.7303333333333333,21.515098629220933
2021-03-01,114.6,118.45730027548211,4.3,539.275396,8.5954,67640460256.6,86083188862,0,10.1469,2.3946666666666667,21.515098629220933
2021-04-01,115,118.59504132231405,5.1,573.8289040000001,8.5954,68730224545.90001,87706387674,0,10.0375,2.059,21.515098629220933
2021-05-01,114.9,121.76308539944904,5.5,592.65283,8.5954,73939427168.09999,98372470195.99998,0,10.0863,1.8710000000000002,21.515098629220933
2021-06-01,115.3,127.41046831955924,4.5,617.1820200000001,8.271,68684617170.000015,102937805730.00002,0,10.1444,1.683,21.515098629220933
2021-07-01,116.3,133.1955922865014,5,647.9076379999999,8.5918,68649126384.99999,118652672081.99998,0,10.3767,1.495,21.515098629220933
2021-08-01,116.3,141.0468319559229,3.9,615.4306339999999,8.5918,75735678447,129169736696.00002,0,10.4195,1.4383333333333335,21.515098629220933
2021-09-01,117.5,152.4793388429752,3.7,680.138012,8.6852,72080307377.2,149392127604,0.06,10.1861,1.3816666666666666,21.515098629220933
2021-10-01,117.2,161.84573002754823,3.6,723.1984759999999,8.6383,72980219720.09999,173173986908.99997,0.25,9.8143,1.325,21.515098629220933
2021-11-01,118.1,166.80440771349862,4,582.2035310000001,8.4097,72556217315.40001,157364997504.00003,0.25,9.9661,1.586,21.515098629220933
2021-12-01,118.9,180.16528925619838,3.3,698.67161,9.0326,79320454345,206367541222,0.36,10.1366,1.847,21.515098629220933
2022-01-01,117.8,177.96143250688706,3.2,806.2498760000001,9.0326,78921247562.4,174535220448,0.5,10.007,2.108,21.604921185372184
2022-02-01,119.1,181.68044077134988,3.6,866.9169360000001,8.8488,81413720654.40001,180561356784,0.5,10.0544,1.8086666666666666,21.602697478991832
2022-03-01,119.8,212.39669421487602,3,924.9453139999998,8.8334,78075710746.2,220324517813.99997,0.55,9.7367,1.5093333333333334,21.602697478991832
2022-04-01,121.2,197.24517906336087,2.6,936.7250200000001,8.743,78874441177,197604827070,0.75,9.6239,1.21,21.602697478991832
2022-05-01,121.5,200.55096418732785,3.8,1010.6908,8.743,84514131414.40001,203345547120,0.75,10.1373,0.8536666666666667,21.602697478991832
2022-06-01,122.6,215.0137741046832,3.1,1022.287086,9.3762,80569405314,203849370630.00003,0.87,10.3072,0.49733333333333335,21.602697478991832
2022-07-01,124.2,231.26721763085402,2.9,1033.721725,9.9425,84365821052.5,283505515675,1.25,10.1823,0.141,21.602697478991832
2022-08-01,123.9,250.13774104683196,3.4,921.893088,9.6392,88359201597.6,324083109704,1.45,9.8309,-0.13999999999999999,21.602697478991832
2022-09-01,125.6,232.2314049586777,3.4,852.1662600000001,10.009,87082403690,262112789390,1.89,10.1697,-0.421,21.602697478991832
2022-10-01,126,193.93939393939397,3.1,928.93529,10.009,94278843152.8,186470524874.00003,2.25,10.3919,-0.702,21.602697478991832
2022-11-01,125.8,203.99449035812674,3.2,890.381466,10.2378,90471837874.2,185811258234,2.47,10.3357,-0.7273333333333333,21.602697478991832
2022-12-01,125.9,213.91184573002758,3.5,839.74686,9.8044,94941083879.2,229350309395.99997,2.62,10.448,-0.7526666666666667,21.602697478991832
2023-01-01,126.1,176.99724517906336,3.6,837.8840239999998,9.8044,84011037427.9,174827199913,2.75,10.7149,-0.778,21.60376772025613
2023-02-01,126.6,171.900826446281,4,831.654355,9.9659,92323669066.3,168305016130.99997,2.75,10.9529,-0.1623333333333334,21.60376772025613
2023-03-01,127.6,165.84022038567494,3.6,825.255711,10.3299,88070248224,153310177860,2.82,11.2858,0.4533333333333332,21.60376772025613
2023-04-01,129,167.07988980716254,3.4,829.800867,10.3299,92627867002.8,174011519148,3,11.5265,1.069,21.562344372249
2023-05-01,129.6,153.30578512396696,3.1,749.95074,10.3299,90213224174.40001,144245589744,3.21,11.7233,0.43066666666666664,21.562344372249
2023-06-01,130.4,153.85674931129478,3.4,843.626752,11.1872,93158197273.6,151233156352,3.39,11.7164,-0.20766666666666667,21.562344372249
2023-07-01,130.9,149.4490358126722,3.7,955.7224960000001,11.1872,88691299488,161472459456,3.75,11.3474,-0.846,21.562344372249
2023-08-01,129.9,156.6115702479339,3.6,887.376551,10.2197,78693059439.8,143520356950,3.86,11.4127,-0.5876666666666667,21.562344372249
2023-09-01,129.8,164.0495867768595,3.4,976.5824000000001,10.592,86163134304,146908286080,4.07,11.4525,-0.3293333333333333,21.562344372249
2023-10-01,131.1,172.58953168044079,3.6,900.53184,10.592,81608036090,154665087150,4.25,11.6284,-0.071,21.562344372249
2023-11-01,131.8,172.03856749311296,3.8,905.211528,11.1948,88983894058.8,158480193732,4.25,11.7958,0.2846666666666666,21.562344372249
2023-12-01,131.9,159.22865013774106,3.7,828.703872,10.7568,88102570017.6,152800881840,4.37,11.5333,0.6403333333333333,21.562344372249
2024-01-01,132,154.1322314049587,4.5,878.9381279999999,10.7568,85753037000.4,136021365564,4.5,11.3501,0.996,21.565615449026748
2024-02-01,132.3,150.27548209366392,3.6,860.9478189999999,10.5109,84671837279.8,132169417159,4.5,11.3843,1.1336666666666666,21.565615449026748
2024-03-01,132.6,154.4077134986226,3.9,920.6862,10.5826,87490058110,145536148240,4.5,11.512,1.2713333333333334,21.565615449026748
2024-04-01,133.7,159.64187327823694,4.3,913.5958579999999,10.5826,88630208231.5,148462739665,4.5,11.6828,1.409,21.565615449026748
2024-05-01,133.5,158.26446280991738,4,858.3546859999999,10.5826,94019078748.00002,158767281570,4.5,11.5898,1.2403333333333333,21.565615449026748
2024-06-01,133.8,159.0909090909091,4,899.521,10.5826,88251547231.9,167912609507,4.5,11.4178,1.0716666666666668,21.565615449026748
2024-07-01,134.5,159.22865013774106,3.9,860.048676,10.6389,89471670192.9,149641447950,4.5,11.716,0.903,20.90481838473997
2024-08-01,133.3,162.2589531680441,4,837.575375,10.8875,96243921312.5,160613924250,4.5,11.7895,1.084,20.90481838473997
2024-09-01,133.7,159.22865013774106,4,781.3958749999999,10.8875,89745988987.79999,142411851330,4.5,11.7852,1.265,20.90481838473997
2024-10-01,134.5,166.52892561983472,4.1,770.431734,10.5814,91886803645.6,141693728562,4.5,11.7907,1.446,20.90481838473997
2024-11-01,134.9,172.03856749311296,3.7,789.349184,10.9876,91349906528.40001,154691673500,4.5,11.7408,1.824,20.90481838473997
2024-12-01,134.8,173.96694214876035,4.3,820.114464,10.9876,91608918526.99998,155547931520,4.5,11.7392,2.202,20.904219336512178
2025-01-01,135.1,182.09366391184574,3.8,843.4081760000001,10.9876,89650976406.6,165443788412,4.5,11.7456,2.58,21.166632398443124
2025-02-01,137,184.02203856749313,4.1,800.007156,10.9876,94464684033,177956648640,4.5,11.6574,1.5876666666666668,21.166632398443124
2025-03-01,136.1,169.00826446280993,4.5,821.213224,10.9876,96061639447.20001,151402414408,4.5,11.5472,0.5953333333333333,21.166632398443124
2025-04-01,137,160.19283746556474,4.4,662.210856,10.4913,97909175980.8,150487731765,4.5,11.8313,-0.397,21.166632398443124
2025-05-01,137.5,155.6473829201102,4.6,670.39407,10.4913,92666019912.6,147150845116,4.5,11.6022,0.1783333333333333,21.166632398443124
2025-06-01,137.8,155.92286501377413,5.4,709.3167930000001,10.4913,92693152846,152697073480,4.41,11.5879,0.7536666666666666,21.166632398443124
2025-07-01,138.9,158.12672176308538,4.4,719.0936399999999,10.0292,91476473608.79999,145625688964,4.25,11.8537,1.329,20.953313901788714
