date,actual,predicted_raw,shap_base,pred_reconstructed,reconstruction_error,regime,AR (inflation),PPI / cost-push,Monetary policy,FX,Oil,Trade,Labour market,signed_sum_excl_base,pred_from_groups
2020-01-01,0.8122743682310585,1.3785886764526367,2.132582187652588,1.3785890340805054,3.5762786865234375e-07,COVID (2020–2021),-0.5592109560966492,0.060837000608444214,-0.08601687103509903,-0.14863403141498566,0.030591048300266266,-0.04080287739634514,-0.010756437666714191,-0.7539931247010827,1.3785890629515052
2020-02-01,1.2669683257918507,1.5023188591003418,2.1196680068969727,1.5023188591003418,0.0,COVID (2020–2021),-0.28300613164901733,0.061494581401348114,-0.1070559024810791,-0.1994183100759983,-0.12611868977546692,0.04663887619972229,-0.009883549995720387,-0.6173491263762116,1.502318880520761
2020-03-01,1.3562386980108476,1.3503905534744263,2.1098344326019287,1.3503903150558472,-2.384185791015625e-07,COVID (2020–2021),-0.5716295838356018,0.059686604887247086,-0.11060616374015808,-0.17107830941677094,0.023539645597338676,0.020371470600366592,-0.009727776050567627,-0.7594441119581461,1.3503903206437826
2020-04-01,1.3464991023339312,1.602840542793274,2.1154918670654297,1.6028408408164978,2.980232238769531e-07,COVID (2020–2021),-0.6036715507507324,0.0723491832613945,0.04923195391893387,-0.20516826584935188,0.06515416502952576,0.13308303896337748,-0.023629583418369293,-0.512651058845222,1.6028408082202077
2020-05-01,1.7179023508137492,1.789827823638916,2.1055614948272705,1.7898278534412384,2.9802322387695312e-08,COVID (2020–2021),-0.593722403049469,0.08048972487449646,0.22705724835395813,-0.18724382296204567,0.04526016488671303,0.13723510084673762,-0.024809636175632477,-0.3157336232252419,1.7898278716020286
2020-06-01,1.6201620162016317,1.9465769529342651,2.1007163524627686,1.946576178073883,-7.748603820800781e-07,COVID (2020–2021),-0.5665575861930847,0.07664073258638382,0.20187261700630188,-0.17636707797646523,0.04098900780081749,0.14638312510214746,0.12289900332689285,-0.15414017834700644,1.9465761741157621
2020-07-01,1.7070979335130243,1.756224274635315,2.05598783493042,1.756223887205124,-3.8743019104003906e-07,COVID (2020–2021),-0.6162930130958557,0.16927315294742584,0.2897498309612274,-0.3504208028316498,0.08223239332437515,0.12279848009347916,0.002896042075008154,-0.29976391652598977,1.7562239184044302
2020-08-01,0.7168458781362075,1.9492746591567993,2.0587880611419678,1.9492746740579605,1.4901161193847656e-08,COVID (2020–2021),-0.6598966121673584,0.17225363850593567,0.180166557431221,-0.2916198670864105,0.21278029680252075,0.21614044532179832,0.06066211313009262,-0.10951342806220055,1.9492746330797672
2020-09-01,1.4375561545372895,1.5652037858963013,2.0190563201904297,1.5652042925357819,5.066394805908203e-07,COVID (2020–2021),-0.181548610329628,0.22193452715873718,0.12779781222343445,-0.6140974909067154,0.02386525273323059,0.003494882956147194,-0.035298366099596024,-0.45385199226439,1.5652043279260397
2020-10-01,2.515723270440251,1.5706998109817505,2.066124439239502,1.5707001686096191,3.5762786865234375e-07,COVID (2020–2021),-0.4114246368408203,0.07407568395137787,0.12238799780607224,-0.24175335839390755,-0.06486786901950836,-0.015033653704449534,0.04119153320789337,-0.4954243029933423,1.5707001362461597
2020-11-01,3.3273381294964155,1.711540937423706,2.0742974281311035,1.7115413546562195,4.172325134277344e-07,COVID (2020–2021),-0.3035791218280792,0.038540318608284,0.11953704804182053,-0.3172703757882118,0.06616055965423584,-0.03613486560061574,0.06999030709266663,-0.3627561298198998,1.7115412983112037
2020-12-01,3.0575539568345356,1.4126017093658447,2.088984489440918,1.4126014113426208,-2.980232238769531e-07,COVID (2020–2021),-0.6406112313270569,0.048384081572294235,0.16022621095180511,-0.23132407665252686,-0.10276743769645691,0.03162073250859976,0.05808866769075394,-0.6763830529525876,1.4126014364883304
2021-01-01,2.9543419874664245,1.9134039878845215,2.12904953956604,1.9134043902158737,4.023313522338867e-07,COVID (2020–2021),-0.2902037799358368,0.20248021185398102,0.1892177015542984,-0.42118626832962036,-0.0633731558918953,0.16495376080274582,0.0024663510266691446,-0.21564517891965806,1.913404360646382
2021-02-01,2.680965147453085,1.8193432092666626,2.134608507156372,1.819343775510788,5.662441253662109e-07,COVID (2020–2021),0.17246761918067932,-0.0788986086845398,0.1907190978527069,-0.1895244661718607,-0.2573073208332062,-0.1586124524474144,0.005891420412808657,-0.3152647106908262,1.819343796465546
2021-03-01,2.8545941123996554,2.921128273010254,2.145277738571167,2.92112934589386,1.0728836059570312e-06,COVID (2020–2021),0.5720590949058533,0.037163615226745605,0.1902187168598175,-0.10642780363559723,0.05582313984632492,-0.07039793208241463,0.09741277247667313,0.7758516035974026,2.9211293421685696
2021-04-01,3.011514614703259,2.8510725498199463,2.104544162750244,2.851075053215027,2.5033950805664062e-06,COVID (2020–2021),0.6304509043693542,-0.04998345673084259,0.16889140009880066,-0.14823208935558796,0.14497706294059753,0.08595883473753929,-0.08553186058998108,0.7465307954698801,2.8510749582201242
2021-05-01,3.3777777777777684,2.877842903137207,2.1149826049804688,2.8778411149978638,-1.7881393432617188e-06,COVID (2020–2021),0.4239952564239502,-0.03522542864084244,0.18536654114723206,-0.09516549296677113,0.08500221371650696,0.08142262720502913,0.11746283620595932,0.7628585530910641,2.877841158071533
2021-06-01,4.074402125775012,2.934635877609253,2.12935471534729,2.9346365928649902,7.152557373046875e-07,Energy Crisis,0.27211982011795044,-0.013319279067218304,0.1900579035282135,-0.05122578516602516,0.1288508176803589,0.10721104359254241,0.17158734798431396,0.8052818686701357,2.9346365840174258
2021-07-01,3.5335689045936425,3.327719211578369,2.1667165756225586,3.3277188539505005,-3.5762786865234375e-07,Energy Crisis,0.4036937654018402,0.0026702769100666046,0.1739843785762787,0.2520374655723572,0.33508965373039246,0.17716770991683006,-0.1836409568786621,1.161002293229103,3.3277188688516617
2021-08-01,5.071174377224197,3.5376341342926025,2.201899290084839,3.53763484954834,7.152557373046875e-07,Energy Crisis,0.5074049830436707,0.034659601747989655,0.28309908509254456,-0.014363251626491547,0.27969518303871155,0.1270837038755417,0.11815625429153442,1.335735559463501,3.53763484954834
2021-09-01,5.31443755535872,3.6860082149505615,2.2567989826202393,3.686008334159851,1.1920928955078125e-07,Energy Crisis,0.5180426239967346,0.04407380521297455,0.2389289140701294,0.09905411303043365,0.42412322759628296,0.24642930924892426,-0.14144273102283478,1.4292092621326447,3.686008244752884
2021-10-01,3.242769500438225,4.489297866821289,2.2947957515716553,4.489299774169922,1.9073486328125e-06,Energy Crisis,0.7021424770355225,0.2522070109844208,0.26615625619888306,0.10940119624137878,0.29773062467575073,0.5086897164583206,0.05817677453160286,2.1945040561258793,4.489299807697535
2021-11-01,3.6553524804177506,4.142795085906982,2.3033993244171143,4.142794609069824,-4.76837158203125e-07,Energy Crisis,0.6363013386726379,0.2230869084596634,0.21402785181999207,0.05384080484509468,0.38423365354537964,0.3268291801214218,0.0010756244882941246,1.8393953619524837,4.142794686369598
2021-12-01,4.537521815008727,4.015848636627197,2.3156867027282715,4.015849232673645,5.960464477539062e-07,Energy Crisis,0.6274374723434448,0.23118698596954346,0.23141469061374664,0.050759860780090094,0.18811820447444916,0.39207829535007477,-0.02083299122750759,1.7001625183038414,4.015849221032113
2022-01-01,5.391304347826087,3.990003824234009,2.3338096141815186,3.9900046586990356,8.344650268554688e-07,Energy Crisis,0.7077432870864868,0.3542831540107727,0.1330059915781021,-0.198658081702888,0.15930183231830597,0.5329240635037422,-0.03240523114800453,1.6561950156465173,3.990004629828036
2022-02-01,5.7441253263707415,4.307444095611572,2.3727996349334717,4.307444453239441,3.5762786865234375e-07,Energy Crisis,0.6054385304450989,0.36812928318977356,0.11917758733034134,-0.09890998713672161,0.06265629827976227,0.9092836789786816,-0.03113064169883728,1.9346447493880987,4.30744438432157
2022-03-01,6.3313096270598335,4.523380756378174,2.416374444961548,4.523379802703857,-9.5367431640625e-07,Energy Crisis,0.6267982125282288,0.3547385632991791,0.16054831445217133,-0.02207830734550953,0.12784124910831451,0.9423428159207106,-0.08318545669317245,2.1070053912699223,4.52337983623147
2022-04-01,6.792777300085984,4.915385723114014,2.475788116455078,4.915385961532593,2.384185791015625e-07,Energy Crisis,0.39736562967300415,0.47626909613609314,0.16039949655532837,-0.010905634611845016,0.1029273122549057,1.2909495905041695,0.022592535242438316,2.439598025754094,4.915386142209172
2022-05-01,6.53482373172829,5.6060471534729,2.530691623687744,5.6060471534729,0.0,Energy Crisis,0.453595370054245,0.6650687456130981,0.20079845190048218,0.08759810402989388,0.1890052855014801,1.2832187078893185,0.1960708647966385,3.0753555297851562,5.6060471534729
2022-06-01,6.893617021276599,4.417770862579346,2.5851352214813232,4.417770743370056,-1.1920928955078125e-07,Energy Crisis,0.5183818340301514,0.65791255235672,0.18491511046886444,0.0792284645140171,0.08015505224466324,0.4690319881774485,-0.15698939561843872,1.832635606173426,4.417770827654749
2022-07-01,7.508532423208192,5.492988109588623,2.7701797485351562,5.492986440658569,-1.6689300537109375e-06,Energy Crisis,0.4492202401161194,1.1535274982452393,0.06552872061729431,0.00011022109538316727,0.17892810702323914,0.8402729481458664,0.03521902859210968,2.7228067638352513,5.492986512370408
2022-08-01,6.519898391193912,6.568312644958496,2.8474416732788086,6.5683135986328125,9.5367431640625e-07,Energy Crisis,0.5074926018714905,1.8570090532302856,0.04857524484395981,-0.07039951905608177,0.13447138667106628,1.1109229996800423,0.1328001767396927,3.7208719439804554,6.568313617259264
2022-09-01,5.887300252312877,6.336302757263184,2.9016597270965576,6.3363049030303955,2.1457672119140625e-06,Energy Crisis,0.3392021656036377,1.566909670829773,0.09790670871734619,-0.08826443273574114,0.18568089604377747,1.3385598585009575,-0.005349555518478155,3.4346453114412725,6.33630503853783
2022-10-01,7.045840407470294,5.552760601043701,3.119544267654419,5.552757978439331,-2.6226043701171875e-06,Energy Crisis,0.661891758441925,1.9505586624145508,-0.37942636013031006,-0.1048843041062355,-0.17090736329555511,0.5693545192480087,-0.09337301552295685,2.433213897049427,5.552758164703846
2022-11-01,6.297229219143574,3.113225221633911,3.181299924850464,3.113225758075714,5.364418029785156e-07,Energy Crisis,1.1125860214233398,-0.7761151194572449,-0.14306236803531647,-0.09238295257091522,-0.20674550533294678,0.013041880913078785,0.024603871628642082,-0.06807417143136263,3.1132257534191012
2022-12-01,6.510851419031716,5.224578380584717,3.2348690032958984,5.2245800495147705,1.6689300537109375e-06,Energy Crisis,1.3735488653182983,0.6757163405418396,-0.3096780478954315,0.10451072454452515,-0.14423061907291412,0.1613396406173706,0.12850415706634521,1.9897110611200333,5.224580064415932
2023-01-01,6.435643564356441,3.665559768676758,3.327531099319458,3.6655599772930145,2.086162567138672e-07,Disinflation,1.2503145933151245,-0.8929960131645203,-0.12315132468938828,0.1965373456478119,-0.0685323178768158,0.012749726884067059,-0.03689311444759369,0.33802889566868544,3.6655599949881434
2023-02-01,6.666666666666665,4.237762451171875,3.378009080886841,4.237761497497559,-9.5367431640625e-07,Disinflation,1.5130236148834229,-0.7659866809844971,-0.05744797736406326,0.31244097650051117,-0.037270981818437576,-0.05470369569957256,-0.05030285567045212,0.8597523998469114,4.237761480733752
2023-03-01,6.362153344208821,5.959377765655518,3.4372920989990234,5.959378004074097,2.384185791015625e-07,Disinflation,2.0145859718322754,-0.28785082697868347,0.24227707087993622,0.541386216878891,0.006875432562083006,0.06195913814008236,-0.057147178798913956,2.5220858245156705,5.959377923514694
2023-04-01,5.394524959742353,6.139205455780029,3.091170310974121,6.139205455780029,0.0,Disinflation,2.655057191848755,-0.3146117627620697,-0.018816329538822174,0.7343376278877258,-0.00187825714237988,0.007208187133073807,-0.013261513784527779,3.048035143641755,6.139205454615876
2023-05-01,4.842615012106544,5.793510913848877,3.124770164489746,5.79351282119751,1.9073486328125e-06,Disinflation,2.635143280029297,-0.37058117985725403,-0.040756139904260635,0.53948774933815,-0.05526454374194145,-0.0048005301505327225,-0.034486062824726105,2.668742572888732,5.793512737378478
2023-06-01,3.343949044585992,5.62947940826416,3.151036024093628,5.629474401473999,-5.0067901611328125e-06,Disinflation,2.4649829864501953,-0.4657251834869385,-0.018001139163970947,0.548428900539875,0.016258571296930313,-0.058076320216059685,-0.009429516270756721,2.478438299149275,5.629474323242903
2023-07-01,4.047619047619033,4.989449501037598,3.100008726119995,4.989449143409729,-3.5762786865234375e-07,Disinflation,2.3622758388519287,-0.7609203457832336,-0.157295361161232,0.5657281875610352,-0.08588886260986328,0.005858268588781357,-0.04031731188297272,1.8894404135644436,4.989449139684439
2023-08-01,4.769475357710662,4.272976875305176,3.0920846462249756,4.272977113723755,2.384185791015625e-07,Disinflation,1.9787402153015137,-0.6156710982322693,-0.29519689083099365,0.3803270235657692,-0.039546623826026917,-0.21976635605096817,-0.007993719540536404,1.1808925503864884,4.272977196611464
2023-09-01,4.765687053216849,3.556576728820801,3.12127685546875,3.556577444076538,7.152557373046875e-07,Disinflation,0.915324330329895,-0.5104016065597534,-0.26780426502227783,0.5341997444629669,-0.024294227361679077,-0.2332611419260502,0.021537750959396362,0.4353005848824978,3.556577440351248
2023-10-01,4.67882632831087,3.912456512451172,3.268826961517334,3.9124563336372375,-1.7881393432617188e-07,Disinflation,0.5355587005615234,-0.28949201107025146,-0.2272426337003708,0.6396824419498444,0.01838510110974312,-0.06146770715713501,0.028205491602420807,0.6436293832957745,3.9124563448131084
2023-11-01,4.502369668246464,5.233853816986084,3.3106110095977783,5.233853816986084,0.0,Disinflation,1.273451805114746,0.00015717558562755585,-0.19465798139572144,0.839414119720459,0.019437609240412712,-0.020997353829443455,0.0064376057125627995,1.9232429801486433,5.233853989746422
2023-12-01,3.9184952978056353,4.516275882720947,3.2998311519622803,4.516276240348816,3.5762786865234375e-07,Disinflation,1.3524874448776245,-0.18077844381332397,-0.3287811577320099,0.47456395626068115,-0.031079228967428207,-0.06975140795111656,-0.0002161324955523014,1.2164450301788747,4.516276182141155
2024-01-01,3.6434108527131803,4.435132026672363,3.157014846801758,4.435132145881653,1.1920928955078125e-07,Disinflation,1.3021942377090454,-0.28756555914878845,-0.15048766136169434,0.601224735379219,-0.09636368602514267,-0.11095280945301056,0.020068110898137093,1.2781173679977655,4.435132214799523
2024-02-01,3.009259259259256,4.426650524139404,3.1673266887664795,4.426648855209351,-1.6689300537109375e-06,Disinflation,1.2226563692092896,-0.25258660316467285,-0.303134560585022,0.6455050110816956,-0.010149510577321053,0.01518358662724495,-0.058152105659246445,1.2593221869319677,4.426648875698447
2024-03-01,2.60736196319018,3.9754791259765625,3.1667110919952393,3.9754798412323,7.152557373046875e-07,Disinflation,0.8265352845191956,-0.2605946660041809,-0.11416421085596085,0.4366215765476227,-0.06937405467033386,-0.0525066580157727,0.04225151613354683,0.8087687876541167,3.975479879649356
2024-04-01,2.7501909854851014,4.208828449249268,3.4166970252990723,4.208825886249542,-2.562999725341797e-06,Disinflation,0.28579533100128174,0.022382864728569984,-0.18418818712234497,0.819515734910965,-0.04672183468937874,0.013712100684642792,-0.11836712807416916,0.7921288814395666,4.208825906738639
2024-05-01,2.617397998460369,3.363300085067749,3.4155683517456055,3.3633006513118744,5.662441253662109e-07,Disinflation,0.32396844029426575,-0.21863943338394165,-0.46152910590171814,0.4423351436853409,-0.03789680823683739,0.06835285574197769,-0.16885879635810852,-0.05226770415902138,3.363300647586584
2024-06-01,3.0046224961479018,2.725816011428833,3.3948092460632324,2.7258159518241882,-5.960464477539063e-08,Normalization,-0.04352940618991852,-0.2805083990097046,-0.39347460865974426,0.3761988580226898,-0.08765576779842377,-0.07769720256328583,-0.16232676804065704,-0.6689932942390442,2.7258159518241882
2024-07-01,2.593440122044255,2.53243350982666,3.2812957763671875,2.532434105873108,5.960464477539062e-07,Normalization,-0.5339842438697815,-0.13993215560913086,-0.2688555419445038,0.40020602196455,-0.07022768259048462,-0.05784624349325895,-0.07822181284427643,-0.7488616583868861,2.5324341179803014
2024-08-01,2.3520485584218376,2.5702898502349854,3.2734792232513428,2.5702911019325256,1.2516975402832031e-06,Normalization,-0.33029329776763916,-0.17110776901245117,-0.21099252998828888,0.1708356961607933,-0.09515060484409332,-0.025608176365494728,-0.04087146744132042,-0.7031881492584944,2.5702910739928484
2024-09-01,2.1986353297952954,2.4538092613220215,3.2706193923950195,2.4538094997406006,2.384185791015625e-07,Normalization,-0.5084262490272522,-0.14674893021583557,-0.24249102175235748,0.12690379843115807,-0.008282849565148354,0.012780912220478058,-0.05054551735520363,-0.8168098572641611,2.4538095351308584
2024-10-01,2.348484848484844,2.622788429260254,3.3353142738342285,2.6227885484695435,1.1920928955078125e-07,Normalization,-0.18485581874847412,-0.1795298308134079,-0.2677063047885895,0.12432689405977726,-0.08300139009952545,-0.07080394797958434,-0.05095535144209862,-0.7125257498119026,2.622788524022326
2024-11-01,3.5525321239606944,2.3337302207946777,3.318434953689575,2.333730101585388,-1.1920928955078125e-07,Normalization,-0.5448033809661865,-0.10495086014270782,-0.26612427830696106,0.13833748921751976,-0.08999964594841003,-0.07423640508204699,-0.04292776808142662,-0.9847048493102193,2.333730104379356
2024-12-01,2.639517345399689,2.530508279800415,3.320338249206543,2.530508279800415,0.0,Normalization,-0.4098060429096222,-0.1859419345855713,-0.19600214064121246,0.2021648045629263,-0.09524185210466385,-0.06034359335899353,-0.04465925320982933,-0.7898300122469664,2.5305082369595766
2025-01-01,2.4682124158563967,2.5403122901916504,3.152714252471924,2.540311574935913,-7.152557373046875e-07,Normalization,-0.26615455746650696,-0.16567552089691162,-0.2566112279891968,0.2357703298330307,-0.06644929200410843,-0.08380883187055588,-0.009473579935729504,-0.6124026803299785,2.5403115721419454
2025-02-01,2.9962546816479474,2.3356552124023438,3.1481242179870605,2.335655093193054,-1.1920928955078125e-07,Normalization,-0.3111823797225952,-0.18775887787342072,-0.20612603425979614,0.1388138085603714,-0.11595885455608368,-0.06997039541602135,-0.060286395251750946,-0.8124691285192966,2.335655089467764
2025-03-01,2.9895366218236186,2.877345323562622,3.146986961364746,2.87734454870224,-7.748603820800781e-07,Normalization,0.18644103407859802,-0.05099223926663399,-0.47328436374664307,0.2247309610247612,0.05180662125349045,-0.06659946590662003,-0.141744926571846,-0.2696423791348934,2.8773445822298527
2025-04-01,3.271375464684012,2.6860873699188232,3.177861452102661,2.686087280511856,-8.940696716308594e-08,Normalization,-0.24997615814208984,-0.08678682148456573,-0.18189916014671326,0.212631493806839,0.01708706095814705,-0.07851100713014603,-0.12431960552930832,-0.49177419766783714,2.686087254434824
2025-05-01,3.5258814703675867,2.904069423675537,3.1815273761749268,2.904069572687149,1.4901161193847656e-07,Normalization,-0.1396622657775879,0.005262566730380058,-0.07809613645076752,0.11726242303848267,-0.016064144670963287,-0.07151421159505844,-0.09464603662490845,-0.27745780535042286,2.904069570824504
2025-06-01,3.590127150336575,3.1324245929718018,3.1857423782348633,3.132424868643284,2.7567148208618164e-07,Normalization,-0.15138186514377594,-0.043814241886138916,-0.11218906193971634,0.40466418862342834,-0.02292647585272789,-0.06187262199819088,-0.06579743325710297,-0.053317511454224586,3.1324248667806387
2025-07-01,3.122676579925643,3.5335490703582764,3.1219160556793213,3.5335477590560913,-1.3113021850585938e-06,Normalization,-0.0806184709072113,-0.03547939658164978,-0.042254697531461716,0.543469101190567,-0.014121288433670998,-0.14478176087141037,0.1854182332754135,0.41163172014057636,3.5335477758198977
2025-08-01,2.9651593773165397,3.6387453079223633,3.121471405029297,3.6387458443641663,5.364418029785156e-07,Normalization,0.49782314896583557,-0.016950834542512894,0.11453404277563095,0.3466791883111,-0.051448408514261246,-0.3132787495851517,-0.06008392199873924,0.5172744654119015,3.6387458704411983
2025-09-01,3.189910979228472,3.1831483840942383,3.1168365478515625,3.1831489875912666,6.034970283508301e-07,Normalization,0.34005171060562134,-0.08406775444746017,-0.05964232236146927,0.0569178219884634,-0.053360823541879654,-0.1431412398815155,0.00955505482852459,0.06631244719028473,3.1831489950418472
